user_id,user_type,metro_area,signup_date,total_bookings
1,host,Austin,2024-06-13,0
2,host,Austin,2024-07-15,0
3,host,Chicago,2024-11-07,0
4,host,Miami,2024-05-07,0
5,host,New York,2024-07-22,0
6,host,New York,2024-05-30,0
7,host,Chicago,2024-03-09,0
8,host,Los Angeles,2024-07-30,0
9,host,Austin,2024-12-24,0
10,host,Miami,2024-09-19,0
11,host,New York,2024-12-25,0
12,host,Austin,2024-06-09,0
13,host,Miami,2024-10-10,0
14,host,Miami,2024-04-21,0
15,host,Los Angeles,2024-04-17,0
16,host,Austin,2024-12-31,0
17,host,New York,2024-12-17,0
18,host,New York,2024-12-10,0
19,host,Los Angeles,2024-12-29,0
20,host,Miami,2024-04-01,0
21,host,Austin,2024-10-04,0
22,host,Miami,2024-11-22,0
23,host,New York,2024-12-29,0
24,host,San Francisco,2024-06-29,0
25,host,Austin,2024-09-02,0
26,host,Austin,2024-10-19,0
27,host,Miami,2024-12-29,0
28,host,Chicago,2024-12-11,0
29,host,Miami,2024-09-30,0
30,host,New York,2024-08-04,0
31,host,San Francisco,2024-09-24,0
32,host,San Francisco,2024-01-13,0
33,host,Chicago,2024-03-15,0
34,host,San Francisco,2024-12-09,0
35,host,San Francisco,2024-04-12,0
36,host,New York,2024-03-23,0
37,host,New York,2024-12-15,0
38,host,New York,2024-03-15,0
39,host,San Francisco,2024-12-19,0
40,host,New York,2024-04-14,0
41,host,Austin,2024-01-17,0
42,host,New York,2024-08-19,0
43,host,San Francisco,2024-11-11,0
44,host,Miami,2024-10-14,0
45,host,Los Angeles,2024-11-27,0
46,host,Austin,2024-07-18,0
47,host,Los Angeles,2024-09-18,0
48,host,Miami,2024-05-27,0
49,host,Miami,2024-12-06,0
50,host,San Francisco,2024-07-14,0
51,host,Chicago,2024-08-01,0
52,host,Miami,2024-06-09,0
53,host,Austin,2024-01-28,0
54,host,San Francisco,2024-05-08,0
55,host,Los Angeles,2024-11-13,0
56,host,Chicago,2024-04-25,0
57,host,Miami,2024-12-26,0
58,host,Miami,2024-11-27,0
59,host,New York,2024-10-28,0
60,host,Austin,2024-11-04,0
61,host,Los Angeles,2024-04-09,0
62,host,New York,2024-08-17,0
63,host,Los Angeles,2024-12-15,0
64,host,San Francisco,2024-04-05,0
65,host,Los Angeles,2024-09-20,0
66,host,San Francisco,2024-07-12,0
67,host,San Francisco,2024-08-07,0
68,host,New York,2024-10-11,0
69,host,New York,2024-03-07,0
70,host,Los Angeles,2024-10-26,0
71,host,New York,2024-01-03,0
72,host,New York,2024-08-26,0
73,host,Miami,2024-03-20,0
74,host,San Francisco,2024-03-19,0
75,host,New York,2024-11-01,0
76,host,San Francisco,2024-11-16,0
77,host,Austin,2024-12-04,0
78,host,New York,2024-09-08,0
79,host,Austin,2024-10-08,0
80,host,New York,2024-02-07,0
81,host,Miami,2024-06-11,0
82,host,Austin,2024-04-22,0
83,host,Los Angeles,2024-09-23,0
84,host,San Francisco,2024-09-15,0
85,host,Los Angeles,2024-07-31,0
86,host,Austin,2024-10-01,0
87,host,Chicago,2024-02-17,0
88,host,New York,2024-04-23,0
89,host,Los Angeles,2024-12-05,0
90,host,New York,2024-06-18,0
91,host,New York,2024-05-30,0
92,host,Los Angeles,2024-11-12,0
93,host,Austin,2024-08-31,0
94,host,Austin,2024-11-28,0
95,host,San Francisco,2024-02-28,0
96,host,Miami,2024-06-26,0
97,host,Chicago,2024-05-03,0
98,host,Miami,2024-11-10,0
99,host,Austin,2024-05-04,0
100,host,San Francisco,2024-12-15,0
101,host,New York,2024-07-14,0
102,host,San Francisco,2024-07-16,0
103,host,New York,2024-10-03,0
104,host,Miami,2024-05-24,0
105,host,San Francisco,2024-09-21,0
106,host,New York,2024-09-20,0
107,host,Austin,2024-08-16,0
108,host,Chicago,2024-01-23,0
109,host,New York,2024-11-29,0
110,host,Los Angeles,2024-06-13,0
111,host,Austin,2024-02-12,0
112,host,San Francisco,2024-03-26,0
113,host,Austin,2024-09-30,0
114,host,San Francisco,2024-11-16,0
115,host,San Francisco,2024-04-17,0
116,host,Miami,2024-11-18,0
117,host,Los Angeles,2024-12-16,0
118,host,Chicago,2024-02-23,0
119,host,Los Angeles,2024-10-02,0
120,host,Miami,2024-08-10,0
121,host,Miami,2024-02-06,0
122,host,Miami,2024-12-17,0
123,host,Los Angeles,2024-01-13,0
124,host,Chicago,2024-06-18,0
125,host,San Francisco,2024-02-14,0
126,host,San Francisco,2024-01-28,0
127,host,Los Angeles,2024-05-08,0
128,host,Austin,2024-02-06,0
129,host,Austin,2024-04-26,0
130,host,New York,2024-07-27,0
131,host,Chicago,2024-08-18,0
132,host,Miami,2024-07-26,0
133,host,Chicago,2024-06-10,0
134,host,San Francisco,2024-07-18,0
135,host,Miami,2024-03-01,0
136,host,Austin,2024-01-04,0
137,host,Miami,2024-11-12,0
138,host,San Francisco,2024-10-26,0
139,host,San Francisco,2024-12-24,0
140,host,San Francisco,2024-07-02,0
141,host,Austin,2024-02-24,0
142,host,New York,2024-12-17,0
143,host,New York,2024-11-06,0
144,host,San Francisco,2024-05-24,0
145,host,Chicago,2024-07-14,0
146,host,Chicago,2024-12-04,0
147,host,San Francisco,2024-08-30,0
148,host,Los Angeles,2024-09-30,0
149,host,Los Angeles,2024-03-10,0
150,host,Miami,2024-07-19,0
151,host,Austin,2024-05-31,0
152,host,Miami,2024-03-14,0
153,host,New York,2024-12-12,0
154,host,Miami,2024-11-27,0
155,host,New York,2024-01-06,0
156,host,Austin,2024-10-11,0
157,host,Los Angeles,2024-03-04,0
158,host,San Francisco,2024-01-03,0
159,host,Austin,2024-11-01,0
160,host,Chicago,2024-10-02,0
161,host,Austin,2024-02-13,0
162,host,New York,2024-04-17,0
163,host,Miami,2024-06-25,0
164,host,Los Angeles,2024-07-30,0
165,host,Miami,2024-09-19,0
166,host,Los Angeles,2024-03-23,0
167,host,Los Angeles,2024-04-23,0
168,host,Austin,2024-05-09,0
169,host,Los Angeles,2024-02-28,0
170,host,Los Angeles,2024-12-09,0
171,host,Austin,2024-01-28,0
172,host,Austin,2024-08-24,0
173,host,Miami,2024-10-08,0
174,host,San Francisco,2024-05-28,0
175,host,Miami,2024-02-04,0
176,host,New York,2024-02-20,0
177,host,Los Angeles,2024-10-24,0
178,host,Chicago,2024-06-18,0
179,host,New York,2024-03-06,0
180,host,Miami,2024-12-01,0
181,host,Los Angeles,2024-02-21,0
182,host,New York,2024-11-13,0
183,host,San Francisco,2024-04-09,0
184,host,New York,2024-09-05,0
185,host,Chicago,2024-06-17,0
186,host,Austin,2024-12-03,0
187,host,New York,2024-12-21,0
188,host,Austin,2024-03-19,0
189,host,Austin,2024-10-17,0
190,host,New York,2024-06-10,0
191,host,Chicago,2024-03-27,0
192,host,San Francisco,2024-06-09,0
193,host,Los Angeles,2024-04-23,0
194,host,Miami,2024-11-24,0
195,host,Chicago,2024-05-21,0
196,host,New York,2024-03-09,0
197,host,Miami,2024-06-18,0
198,host,Chicago,2024-08-24,0
199,host,Chicago,2024-07-02,0
200,host,New York,2024-09-06,0
201,host,Austin,2024-02-25,0
202,host,Los Angeles,2024-11-26,0
203,host,Austin,2024-02-11,0
204,host,New York,2024-03-12,0
205,host,Austin,2024-04-10,0
206,host,New York,2024-11-16,0
207,host,San Francisco,2024-02-08,0
208,host,San Francisco,2024-09-16,0
209,host,Miami,2024-01-16,0
210,host,Austin,2024-10-23,0
211,host,Chicago,2024-10-29,0
212,host,Los Angeles,2024-01-19,0
213,host,Austin,2024-05-13,0
214,host,Austin,2024-10-03,0
215,host,Chicago,2024-11-30,0
216,host,Los Angeles,2024-07-06,0
217,host,Chicago,2024-04-24,0
218,host,Austin,2024-05-28,0
219,host,Los Angeles,2024-08-25,0
220,host,Austin,2024-09-18,0
221,host,San Francisco,2024-07-22,0
222,host,New York,2024-09-14,0
223,host,San Francisco,2024-12-05,0
224,host,Los Angeles,2024-11-10,0
225,host,Miami,2024-03-25,0
226,host,Austin,2024-03-12,0
227,host,Chicago,2024-03-22,0
228,host,Los Angeles,2024-10-16,0
229,host,Austin,2024-12-03,0
230,host,Los Angeles,2024-09-04,0
231,host,New York,2024-01-21,0
232,host,Los Angeles,2024-09-06,0
233,host,Los Angeles,2024-02-02,0
234,host,New York,2024-07-08,0
235,host,Los Angeles,2024-01-22,0
236,host,Miami,2024-04-15,0
237,host,Austin,2024-07-03,0
238,host,Chicago,2024-08-28,0
239,host,Chicago,2024-01-24,0
240,host,San Francisco,2024-11-28,0
241,host,New York,2024-02-22,0
242,host,Miami,2024-09-23,0
243,host,Miami,2024-05-20,0
244,host,Miami,2024-05-14,0
245,host,Austin,2024-10-05,0
246,host,Austin,2024-03-30,0
247,host,Chicago,2024-11-30,0
248,host,Chicago,2024-07-06,0
249,host,Austin,2024-11-30,0
250,host,San Francisco,2024-09-21,0
251,host,New York,2024-07-11,0
252,host,Los Angeles,2024-09-21,0
253,host,Chicago,2024-06-29,0
254,host,New York,2024-09-06,0
255,host,Chicago,2024-11-05,0
256,host,San Francisco,2024-09-13,0
257,host,Los Angeles,2024-08-13,0
258,host,Los Angeles,2024-04-27,0
259,host,San Francisco,2024-09-20,0
260,host,Miami,2024-05-23,0
261,host,Los Angeles,2024-03-17,0
262,host,Los Angeles,2024-03-21,0
263,host,New York,2024-11-04,0
264,host,Miami,2024-03-01,0
265,host,Miami,2024-04-27,0
266,host,Chicago,2024-06-18,0
267,host,Miami,2024-02-28,0
268,host,Chicago,2024-12-11,0
269,host,Chicago,2024-09-02,0
270,host,Los Angeles,2024-10-29,0
271,host,Los Angeles,2024-11-27,0
272,host,Chicago,2024-01-12,0
273,host,Los Angeles,2024-01-23,0
274,host,Los Angeles,2024-10-20,0
275,host,Austin,2024-03-23,0
276,host,Los Angeles,2024-11-18,0
277,host,Austin,2024-01-21,0
278,host,Austin,2024-03-16,0
279,host,San Francisco,2024-03-26,0
280,host,New York,2024-04-02,0
281,host,Austin,2024-07-26,0
282,host,Austin,2024-10-15,0
283,host,Miami,2024-01-10,0
284,host,Miami,2024-12-04,0
285,host,New York,2024-02-13,0
286,host,Los Angeles,2024-08-17,0
287,host,Austin,2024-08-29,0
288,host,Chicago,2024-03-28,0
289,host,Los Angeles,2024-07-29,0
290,host,Austin,2024-03-14,0
291,host,Austin,2024-04-03,0
292,host,Austin,2024-12-03,0
293,host,Austin,2024-05-15,0
294,host,Los Angeles,2024-12-17,0
295,host,New York,2024-08-20,0
296,host,Austin,2024-10-29,0
297,host,San Francisco,2024-04-27,0
298,host,Chicago,2024-07-16,0
299,host,Los Angeles,2024-02-25,0
300,host,San Francisco,2024-04-13,0
301,host,Austin,2024-09-15,0
302,host,Miami,2024-08-02,0
303,host,Los Angeles,2024-11-06,0
304,host,San Francisco,2024-03-31,0
305,host,Chicago,2024-11-10,0
306,host,Austin,2024-01-20,0
307,host,Austin,2024-09-14,0
308,host,San Francisco,2024-02-17,0
309,host,Chicago,2024-12-03,0
310,host,Los Angeles,2024-11-04,0
311,host,Austin,2024-01-01,0
312,host,Miami,2024-11-28,0
313,guest,Chicago,2024-09-24,3
314,guest,Chicago,2024-07-08,6
315,guest,San Francisco,2024-12-23,5
316,guest,Austin,2024-08-07,2
317,guest,Los Angeles,2024-09-03,2
318,guest,Chicago,2024-06-28,4
319,guest,Austin,2024-12-22,1
320,guest,Austin,2024-02-20,3
321,guest,Chicago,2024-03-09,9
322,guest,New York,2024-09-01,5
323,guest,Los Angeles,2024-02-12,7
324,guest,New York,2024-11-02,3
325,guest,Austin,2024-07-28,4
326,guest,New York,2024-04-06,5
327,guest,San Francisco,2024-12-29,4
328,guest,Miami,2024-01-04,6
329,guest,Austin,2024-09-24,5
330,guest,San Francisco,2024-09-23,3
331,guest,San Francisco,2024-07-11,6
332,guest,Miami,2024-04-15,0
333,guest,Miami,2024-06-10,3
334,guest,Chicago,2024-07-04,2
335,guest,San Francisco,2024-03-20,3
336,guest,Chicago,2024-11-29,3
337,guest,Austin,2024-05-09,1
338,guest,New York,2024-10-01,4
339,guest,Chicago,2024-10-16,1
340,guest,New York,2024-11-09,5
341,guest,New York,2024-12-14,5
342,guest,Chicago,2024-04-14,2
343,guest,Chicago,2024-10-09,6
344,guest,Austin,2024-09-04,0
345,guest,Los Angeles,2024-07-08,4
346,guest,Austin,2024-10-11,2
347,guest,Chicago,2024-05-09,4
348,guest,New York,2024-10-22,7
349,guest,New York,2024-12-27,3
350,guest,Chicago,2024-03-11,3
351,guest,Miami,2024-03-01,4
352,guest,Miami,2024-04-27,3
353,guest,Chicago,2024-12-24,3
354,guest,Los Angeles,2024-02-21,3
355,guest,Los Angeles,2024-09-17,2
356,guest,Chicago,2024-06-22,4
357,guest,Austin,2024-11-10,2
358,guest,Miami,2024-12-16,6
359,guest,Miami,2024-01-27,4
360,guest,Los Angeles,2024-07-18,2
361,guest,Miami,2024-01-03,2
362,guest,San Francisco,2024-03-15,7
363,guest,Chicago,2024-11-03,2
364,guest,Chicago,2024-02-15,2
365,guest,San Francisco,2024-05-14,6
366,guest,Los Angeles,2024-07-08,2
367,guest,San Francisco,2024-11-07,7
368,guest,San Francisco,2024-07-15,6
369,guest,Chicago,2024-11-10,1
370,guest,Miami,2024-09-23,7
371,guest,New York,2024-12-30,4
372,guest,Austin,2024-01-30,1
373,guest,Los Angeles,2024-11-23,0
374,guest,Chicago,2024-08-12,4
375,guest,San Francisco,2024-04-13,7
376,guest,Miami,2024-09-22,5
377,guest,New York,2024-04-09,3
378,guest,San Francisco,2024-11-02,3
379,guest,Austin,2024-09-21,7
380,guest,Miami,2024-04-28,3
381,guest,Austin,2024-03-27,3
382,guest,Miami,2024-01-19,2
383,guest,New York,2024-05-02,1
384,guest,Miami,2024-01-01,2
385,guest,Los Angeles,2024-02-14,3
386,guest,New York,2024-07-23,4
387,guest,New York,2024-12-08,3
388,guest,Chicago,2024-07-26,1
389,guest,Austin,2024-04-12,3
390,guest,Austin,2024-01-08,3
391,guest,Miami,2024-12-26,3
392,guest,San Francisco,2024-02-16,6
393,guest,Austin,2024-05-25,5
394,guest,Miami,2024-10-13,1
395,guest,Austin,2024-06-27,3
396,guest,New York,2024-05-21,3
397,guest,Los Angeles,2024-11-06,8
398,guest,Los Angeles,2024-08-20,6
399,guest,Chicago,2024-10-21,3
400,guest,San Francisco,2024-05-13,6
401,guest,Los Angeles,2024-07-27,4
402,guest,Austin,2024-02-24,1
403,guest,Austin,2024-02-07,4
404,guest,Austin,2024-05-30,1
405,guest,New York,2024-02-29,5
406,guest,Austin,2024-05-11,4
407,guest,Austin,2024-10-21,2
408,guest,New York,2024-12-21,2
409,guest,Chicago,2024-07-12,3
410,guest,Austin,2024-09-04,2
411,guest,Los Angeles,2024-06-22,5
412,guest,Chicago,2024-12-14,6
413,guest,Chicago,2024-10-27,2
414,guest,San Francisco,2024-09-03,3
415,guest,San Francisco,2024-05-12,2
416,guest,San Francisco,2024-07-14,7
417,guest,Miami,2024-04-22,5
418,guest,Miami,2024-12-25,6
419,guest,Los Angeles,2024-06-10,5
420,guest,Chicago,2024-06-29,7
421,guest,Austin,2024-10-01,1
422,guest,San Francisco,2024-12-24,1
423,guest,New York,2024-05-07,6
424,guest,New York,2024-02-17,5
425,guest,Chicago,2024-12-10,6
426,guest,Miami,2024-06-24,2
427,guest,San Francisco,2024-10-10,5
428,guest,Los Angeles,2024-08-31,1
429,guest,New York,2024-06-30,5
430,guest,Los Angeles,2024-10-20,5
431,guest,New York,2024-04-03,3
432,guest,Miami,2024-12-15,5
433,guest,Los Angeles,2024-09-12,7
434,guest,Miami,2024-04-12,6
435,guest,Los Angeles,2024-05-03,4
436,guest,New York,2024-04-15,4
437,guest,Los Angeles,2024-04-13,7
438,guest,Los Angeles,2024-11-12,2
439,guest,New York,2024-03-20,4
440,guest,San Francisco,2024-03-02,2
441,guest,San Francisco,2024-12-12,3
442,guest,Miami,2024-09-09,7
443,guest,Austin,2024-01-04,6
444,guest,Austin,2024-01-22,3
445,guest,Chicago,2024-07-09,3
446,guest,Austin,2024-06-10,2
447,guest,Chicago,2024-10-21,6
448,guest,New York,2024-09-08,2
449,guest,Los Angeles,2024-09-18,5
450,guest,New York,2024-07-22,2
451,guest,Los Angeles,2024-10-22,6
452,guest,Los Angeles,2024-01-28,3
453,guest,Austin,2024-08-04,2
454,guest,Chicago,2024-10-03,5
455,guest,San Francisco,2024-09-14,1
456,guest,New York,2024-07-20,7
457,guest,Miami,2024-03-30,2
458,guest,Chicago,2024-03-02,3
459,guest,Miami,2024-09-22,7
460,guest,Chicago,2024-06-10,3
461,guest,Miami,2024-01-05,1
462,guest,San Francisco,2024-12-11,7
463,guest,Los Angeles,2024-07-13,4
464,guest,Austin,2024-02-21,5
465,guest,New York,2024-07-04,4
466,guest,Austin,2024-05-12,0
467,guest,Los Angeles,2024-10-07,3
468,guest,New York,2024-05-01,4
469,guest,New York,2024-08-29,6
470,guest,Austin,2024-06-24,4
471,guest,New York,2024-04-04,2
472,guest,Chicago,2024-08-05,1
473,guest,Los Angeles,2024-08-02,4
474,guest,Miami,2024-07-09,1
475,guest,New York,2024-07-24,4
476,guest,New York,2024-08-18,4
477,guest,Los Angeles,2024-10-19,3
478,guest,Los Angeles,2024-10-21,4
479,guest,Miami,2024-04-27,4
480,guest,San Francisco,2024-05-18,0
481,guest,Los Angeles,2024-10-11,1
482,guest,Chicago,2024-07-14,9
483,guest,Los Angeles,2024-03-15,5
484,guest,Miami,2024-03-17,2
485,guest,Chicago,2024-01-05,3
486,guest,Los Angeles,2024-08-03,4
487,guest,Chicago,2024-03-09,1
488,guest,Miami,2024-09-21,3
489,guest,Austin,2024-06-10,5
490,guest,Chicago,2024-06-02,5
491,guest,New York,2024-10-14,6
492,guest,Austin,2024-01-25,5
493,guest,Chicago,2024-02-20,4
494,guest,Miami,2024-03-24,3
495,guest,San Francisco,2024-04-20,10
496,guest,New York,2024-08-31,3
497,guest,Miami,2024-02-19,2
498,guest,Chicago,2024-06-20,3
499,guest,New York,2024-07-03,4
500,guest,New York,2024-10-13,7
501,guest,Austin,2024-05-11,4
502,guest,New York,2024-01-11,2
503,guest,Chicago,2024-03-03,3
504,guest,New York,2024-12-13,5
505,guest,Austin,2024-04-11,1
506,guest,Austin,2024-10-21,7
507,guest,Miami,2024-11-28,8
508,guest,Austin,2024-03-30,2
509,guest,New York,2024-06-30,6
510,guest,New York,2024-12-10,1
511,guest,Austin,2024-09-06,0
512,guest,Miami,2024-08-16,1
513,guest,San Francisco,2024-07-14,2
514,guest,Austin,2024-05-26,5
515,guest,Chicago,2024-11-19,1
516,guest,Los Angeles,2024-03-26,5
517,guest,Miami,2024-06-21,4
518,guest,Chicago,2024-11-19,3
519,guest,Austin,2024-10-19,2
520,guest,Chicago,2024-02-06,6
521,guest,San Francisco,2024-03-23,6
522,guest,New York,2024-04-26,5
523,guest,New York,2024-06-11,0
524,guest,Miami,2024-05-29,2
525,guest,Miami,2024-05-16,4
526,guest,Austin,2024-11-26,2
527,guest,Chicago,2024-05-18,5
528,guest,Chicago,2024-07-04,5
529,guest,Miami,2024-10-27,1
530,guest,Austin,2024-08-18,3
531,guest,Chicago,2024-03-26,4
532,guest,Los Angeles,2024-01-12,3
533,guest,Los Angeles,2024-04-30,5
534,guest,Miami,2024-05-08,4
535,guest,Miami,2024-12-24,2
536,guest,Miami,2024-02-10,3
537,guest,Los Angeles,2024-03-26,4
538,guest,Chicago,2024-02-22,4
539,guest,San Francisco,2024-02-02,7
540,guest,Chicago,2024-10-07,3
541,guest,San Francisco,2024-01-14,5
542,guest,Chicago,2024-09-25,2
543,guest,San Francisco,2024-02-23,5
544,guest,New York,2024-11-12,5
545,guest,Los Angeles,2024-02-13,3
546,guest,Miami,2024-07-18,3
547,guest,New York,2024-04-27,0
548,guest,Los Angeles,2024-05-25,4
549,guest,Chicago,2024-11-16,7
550,guest,Los Angeles,2024-03-08,2
551,guest,Austin,2024-03-28,2
552,guest,San Francisco,2024-01-18,2
553,guest,Miami,2024-07-01,2
554,guest,New York,2024-08-31,1
555,guest,Chicago,2024-10-03,3
556,guest,New York,2024-10-07,6
557,guest,Chicago,2024-03-10,3
558,guest,Miami,2024-10-03,4
559,guest,Los Angeles,2024-10-29,4
560,guest,Austin,2024-08-21,2
561,guest,Miami,2024-11-21,3
562,guest,Austin,2024-08-10,3
563,guest,Austin,2024-11-23,5
564,guest,Miami,2024-09-30,4
565,guest,New York,2024-06-26,1
566,guest,Chicago,2024-10-03,2
567,guest,Los Angeles,2024-02-15,4
568,guest,Chicago,2024-06-06,5
569,guest,New York,2024-07-30,4
570,guest,New York,2024-03-20,7
571,guest,New York,2024-01-06,4
572,guest,San Francisco,2024-09-24,3
573,guest,Los Angeles,2024-06-25,10
574,guest,New York,2024-08-28,6
575,guest,Austin,2024-01-05,1
576,guest,Miami,2024-09-08,4
577,guest,Chicago,2024-06-02,2
578,guest,San Francisco,2024-08-08,8
579,guest,New York,2024-11-01,3
580,guest,Los Angeles,2024-01-04,6
581,guest,Austin,2024-07-10,2
582,guest,Los Angeles,2024-07-29,2
583,guest,Austin,2024-08-11,0
584,guest,Chicago,2024-05-07,3
585,guest,Los Angeles,2024-11-26,5
586,guest,Chicago,2024-07-12,1
587,guest,Los Angeles,2024-05-14,2
588,guest,San Francisco,2024-08-04,2
589,guest,Miami,2024-05-02,5
590,guest,Austin,2024-11-09,2
591,guest,Miami,2024-12-16,2
592,guest,New York,2024-05-25,2
593,guest,Miami,2024-09-29,4
594,guest,New York,2024-07-30,6
595,guest,Los Angeles,2024-02-05,6
596,guest,Los Angeles,2024-03-10,3
597,guest,New York,2024-02-26,4
598,guest,Miami,2024-08-21,1
599,guest,Austin,2024-08-19,3
600,guest,New York,2024-12-24,2
601,guest,Austin,2024-09-08,2
602,guest,Los Angeles,2024-06-13,5
603,guest,San Francisco,2024-03-18,4
604,guest,San Francisco,2024-09-30,0
605,guest,San Francisco,2024-04-05,2
606,guest,San Francisco,2024-05-24,3
607,guest,New York,2024-03-05,8
608,guest,Miami,2024-08-12,7
609,guest,Miami,2024-01-05,2
610,guest,Los Angeles,2024-02-16,4
611,guest,Los Angeles,2024-01-08,2
612,guest,Chicago,2024-04-21,3
613,guest,New York,2024-08-03,4
614,guest,New York,2024-09-12,2
615,guest,New York,2024-08-25,7
616,guest,Miami,2024-01-17,7
617,guest,New York,2024-02-11,3
618,guest,Los Angeles,2024-01-29,8
619,guest,New York,2024-07-19,2
620,guest,San Francisco,2024-10-05,2
621,guest,Chicago,2024-04-02,7
622,guest,Los Angeles,2024-05-08,0
623,guest,Chicago,2024-01-07,2
624,guest,San Francisco,2024-12-31,4
625,guest,Los Angeles,2024-07-16,3
626,guest,Chicago,2024-05-06,2
627,guest,Miami,2024-01-18,6
628,guest,Los Angeles,2024-08-23,6
629,guest,Miami,2024-02-18,2
630,guest,Austin,2024-12-06,0
631,guest,Los Angeles,2024-08-30,3
632,guest,Chicago,2024-12-14,2
633,guest,New York,2024-06-14,3
634,guest,Los Angeles,2024-11-18,6
635,guest,Miami,2024-01-22,3
636,guest,Miami,2024-10-08,4
637,guest,Austin,2024-03-03,3
638,guest,New York,2024-09-03,5
639,guest,Miami,2024-06-01,4
640,guest,Los Angeles,2024-07-03,6
641,guest,San Francisco,2024-12-07,3
642,guest,Los Angeles,2024-02-27,7
643,guest,Los Angeles,2024-11-20,2
644,guest,Chicago,2024-06-15,3
645,guest,San Francisco,2024-03-26,2
646,guest,New York,2024-10-26,10
647,guest,San Francisco,2024-07-21,2
648,guest,Los Angeles,2024-01-05,2
649,guest,San Francisco,2024-10-24,4
650,guest,Miami,2024-08-31,3
651,guest,Miami,2024-11-01,8
652,guest,Los Angeles,2024-07-09,6
653,guest,San Francisco,2024-05-07,2
654,guest,Los Angeles,2024-09-12,5
655,guest,San Francisco,2024-12-17,3
656,guest,Austin,2024-06-22,2
657,guest,Miami,2024-01-31,2
658,guest,San Francisco,2024-07-01,3
659,guest,Miami,2024-03-19,3
660,guest,Miami,2024-10-01,3
661,guest,San Francisco,2024-03-05,2
662,guest,Chicago,2024-04-29,6
663,guest,New York,2024-10-12,5
664,guest,Miami,2024-06-26,4
665,guest,Chicago,2024-04-08,3
666,guest,San Francisco,2024-12-18,5
667,guest,Chicago,2024-07-02,3
668,guest,Miami,2024-03-09,3
669,guest,New York,2024-01-21,3
670,guest,Chicago,2024-12-27,3
671,guest,Chicago,2024-10-13,4
672,guest,New York,2024-10-04,4
673,guest,Miami,2024-09-07,5
674,guest,Los Angeles,2024-10-17,5
675,guest,Los Angeles,2024-10-05,2
676,guest,New York,2024-06-14,7
677,guest,Miami,2024-08-27,7
678,guest,New York,2024-11-02,4
679,guest,Austin,2024-03-23,1
680,guest,San Francisco,2024-09-28,5
681,guest,Los Angeles,2024-08-18,3
682,guest,New York,2024-05-14,3
683,guest,Austin,2024-07-06,3
684,guest,Chicago,2024-01-01,2
685,guest,Miami,2024-09-16,1
686,guest,Chicago,2024-04-04,1
687,guest,San Francisco,2024-11-13,3
688,guest,New York,2024-11-13,7
689,guest,Los Angeles,2024-06-13,3
690,guest,Miami,2024-02-02,1
691,guest,Miami,2024-10-02,5
692,guest,Chicago,2024-04-07,3
693,guest,Austin,2024-12-15,1
694,guest,Chicago,2024-10-09,6
695,guest,Los Angeles,2024-11-09,5
696,guest,New York,2024-06-14,3
697,guest,Chicago,2024-11-24,3
698,guest,New York,2024-02-26,3
699,guest,San Francisco,2024-09-24,3
700,guest,Miami,2024-02-04,3
701,guest,San Francisco,2024-03-07,4
702,guest,Los Angeles,2024-01-17,5
703,guest,Los Angeles,2024-02-24,1
704,guest,Chicago,2024-04-08,4
705,guest,San Francisco,2024-01-17,6
706,guest,Austin,2024-11-24,4
707,guest,Chicago,2024-12-02,2
708,guest,Chicago,2024-09-26,7
709,guest,Austin,2024-12-25,1
710,guest,Austin,2024-05-11,3
711,guest,San Francisco,2024-07-06,2
712,guest,Los Angeles,2024-11-06,2
713,guest,Miami,2024-02-06,7
714,guest,San Francisco,2024-04-16,4
715,guest,Miami,2024-09-08,1
716,guest,San Francisco,2024-08-27,1
717,guest,Miami,2024-02-01,2
718,guest,New York,2024-10-12,7
719,guest,Miami,2024-07-31,4
720,guest,New York,2024-12-28,1
721,guest,San Francisco,2024-11-11,1
722,guest,New York,2024-09-27,2
723,guest,San Francisco,2024-02-06,5
724,guest,New York,2024-02-09,7
725,guest,Los Angeles,2024-09-22,2
726,guest,San Francisco,2024-02-21,1
727,guest,Miami,2024-04-28,1
728,guest,Austin,2024-07-16,0
729,guest,Los Angeles,2024-04-08,2
730,guest,Austin,2024-12-02,1
731,guest,Los Angeles,2024-10-18,3
732,guest,Miami,2024-04-01,4
733,guest,Austin,2024-10-12,3
734,guest,Chicago,2024-02-24,0
735,guest,Miami,2024-10-22,5
736,guest,New York,2024-12-11,3
737,guest,Chicago,2024-12-25,5
738,guest,Miami,2024-08-06,3
739,guest,San Francisco,2024-03-26,2
740,guest,Los Angeles,2024-10-08,5
741,guest,Chicago,2024-09-15,3
742,guest,New York,2024-12-02,4
743,guest,Los Angeles,2024-09-30,7
744,guest,Austin,2024-08-14,2
745,guest,New York,2024-06-10,5
746,guest,Austin,2024-06-15,0
747,guest,New York,2024-07-30,6
748,guest,Miami,2024-08-08,1
749,guest,Miami,2024-06-14,4
750,guest,Austin,2024-05-03,5
751,guest,Austin,2024-10-06,3
752,guest,Los Angeles,2024-07-11,10
753,guest,Austin,2024-05-10,4
754,guest,New York,2024-08-19,4
755,guest,Chicago,2024-07-22,4
756,guest,San Francisco,2024-01-18,4
757,guest,New York,2024-11-01,5
758,guest,San Francisco,2024-09-22,0
759,guest,Los Angeles,2024-06-03,3
760,guest,San Francisco,2024-06-02,5
761,guest,Los Angeles,2024-04-19,5
762,guest,New York,2024-01-12,2
763,guest,Miami,2024-05-21,2
764,guest,Austin,2024-09-18,0
765,guest,Austin,2024-10-19,1
766,guest,Austin,2024-03-20,2
767,guest,San Francisco,2024-01-20,1
768,guest,Chicago,2024-07-01,2
769,guest,Los Angeles,2024-03-11,4
770,guest,New York,2024-07-06,3
771,guest,Austin,2024-05-07,1
772,guest,Los Angeles,2024-05-11,5
773,guest,New York,2024-02-17,3
774,guest,Austin,2024-07-23,3
775,guest,Austin,2024-04-21,2
776,guest,Miami,2024-02-09,2
777,guest,Miami,2024-06-15,7
778,guest,Chicago,2024-03-29,3
779,guest,Chicago,2024-12-19,3
780,guest,Miami,2024-10-22,3
781,guest,San Francisco,2024-10-31,5
782,guest,Miami,2024-06-02,3
783,guest,San Francisco,2024-10-22,5
784,guest,Chicago,2024-02-10,5
785,guest,San Francisco,2024-06-20,5
786,guest,New York,2024-08-10,2
787,guest,Chicago,2024-03-02,3
788,guest,Los Angeles,2024-11-30,3
789,guest,Austin,2024-01-06,2
790,guest,Miami,2024-11-19,2
791,guest,Chicago,2024-01-28,6
792,guest,New York,2024-09-25,7
793,guest,San Francisco,2024-06-12,2
794,guest,Austin,2024-10-16,2
795,guest,Los Angeles,2024-06-16,2
796,guest,Austin,2024-12-23,2
797,guest,Los Angeles,2024-03-19,5
798,guest,San Francisco,2024-12-10,3
799,guest,Miami,2024-07-20,2
800,guest,Chicago,2024-10-31,6
801,guest,Austin,2024-09-15,6
802,guest,San Francisco,2024-04-23,2
803,guest,Chicago,2024-05-28,2
804,guest,Chicago,2024-03-16,4
805,guest,Los Angeles,2024-06-21,3
806,guest,San Francisco,2024-08-31,6
807,guest,Austin,2024-01-26,2
808,guest,Austin,2024-07-23,2
809,guest,New York,2024-02-13,3
810,guest,Chicago,2024-09-13,4
811,guest,Chicago,2024-12-23,4
812,guest,Los Angeles,2024-03-10,0
813,guest,Chicago,2024-10-13,3
814,guest,Los Angeles,2024-09-06,2
815,guest,Chicago,2024-11-29,6
816,guest,Austin,2024-04-10,1
817,guest,Austin,2024-11-11,4
818,guest,Miami,2024-09-25,1
819,guest,Los Angeles,2024-05-04,3
820,guest,San Francisco,2024-05-16,3
821,guest,Chicago,2024-06-14,3
822,guest,Miami,2024-10-21,5
823,guest,San Francisco,2024-02-27,6
824,guest,Miami,2024-07-30,4
825,guest,Chicago,2024-07-06,5
826,guest,New York,2024-04-07,1
827,guest,New York,2024-06-25,2
828,guest,Austin,2024-12-01,1
829,guest,San Francisco,2024-06-05,4
830,guest,Los Angeles,2024-06-28,6
831,guest,Austin,2024-08-14,0
832,guest,Austin,2024-03-15,3
833,guest,Chicago,2024-01-23,3
834,guest,Los Angeles,2024-04-12,5
835,guest,Miami,2024-07-10,5
836,guest,Los Angeles,2024-02-13,4
837,guest,San Francisco,2024-01-28,7
838,guest,Los Angeles,2024-11-13,2
839,guest,Los Angeles,2024-05-27,3
840,guest,San Francisco,2024-06-24,2
841,guest,Miami,2024-02-26,6
842,guest,New York,2024-08-18,1
843,guest,Chicago,2024-01-12,3
844,guest,New York,2024-04-17,2
845,guest,Miami,2024-10-02,4
846,guest,Los Angeles,2024-04-14,7
847,guest,Austin,2024-09-24,3
848,guest,New York,2024-10-07,5
849,guest,Chicago,2024-11-14,5
850,guest,Miami,2024-03-13,5
851,guest,Miami,2024-12-23,2
852,guest,Miami,2024-01-10,4
853,guest,Chicago,2024-10-25,3
854,guest,Miami,2024-09-26,4
855,guest,San Francisco,2024-05-10,4
856,guest,Los Angeles,2024-01-31,2
857,guest,New York,2024-04-12,4
858,guest,Miami,2024-11-12,2
859,guest,New York,2024-01-28,9
860,guest,Chicago,2024-12-01,0
861,guest,San Francisco,2024-02-04,2
862,guest,Chicago,2024-12-04,8
863,guest,New York,2024-12-05,5
864,guest,Miami,2024-07-03,6
865,guest,San Francisco,2024-01-10,1
866,guest,New York,2024-11-28,5
867,guest,Chicago,2024-04-28,2
868,guest,Chicago,2024-09-17,5
869,guest,Miami,2024-02-20,5
870,guest,New York,2024-09-05,3
871,guest,Austin,2024-09-29,0
872,guest,San Francisco,2024-04-05,4
873,guest,Los Angeles,2024-09-13,3
874,guest,Chicago,2024-10-14,6
875,guest,Miami,2024-01-12,1
876,guest,San Francisco,2024-05-06,2
877,guest,Austin,2024-06-05,1
878,guest,New York,2024-09-07,3
879,guest,Chicago,2024-03-21,4
880,guest,San Francisco,2024-06-26,6
881,guest,Miami,2024-06-29,3
882,guest,New York,2024-11-16,3
883,guest,New York,2024-04-30,4
884,guest,Austin,2024-05-21,3
885,guest,San Francisco,2024-11-16,4
886,guest,New York,2024-07-17,1
887,guest,San Francisco,2024-10-11,5
888,guest,New York,2024-04-25,7
889,guest,Los Angeles,2024-06-23,6
890,guest,Chicago,2024-12-02,8
891,guest,Los Angeles,2024-02-14,2
892,guest,Miami,2024-07-14,3
893,guest,Austin,2024-12-13,1
894,guest,Austin,2024-11-16,1
895,guest,Miami,2024-04-26,4
896,guest,Chicago,2024-05-03,5
897,guest,Austin,2024-03-19,1
898,guest,Chicago,2024-06-08,2
899,guest,Austin,2024-06-17,1
900,guest,Chicago,2024-10-04,4
901,guest,Los Angeles,2024-04-15,4
902,guest,Miami,2024-03-11,3
903,guest,Austin,2024-10-04,4
904,guest,Miami,2024-04-13,2
905,guest,Los Angeles,2024-06-07,2
906,guest,Miami,2024-12-27,5
907,guest,Austin,2024-03-10,4
908,guest,Chicago,2024-03-15,4
909,guest,Miami,2024-10-16,5
910,guest,Los Angeles,2024-06-11,2
911,guest,San Francisco,2024-10-12,6
912,guest,Austin,2024-03-01,3
913,guest,Los Angeles,2024-06-11,5
914,guest,Los Angeles,2024-01-16,3
915,guest,New York,2024-07-30,2
916,guest,Chicago,2024-06-04,1
917,guest,Chicago,2024-11-22,8
918,guest,Miami,2024-05-20,2
919,guest,Los Angeles,2024-04-06,1
920,guest,San Francisco,2024-03-08,4
921,guest,Los Angeles,2024-01-14,6
922,guest,Austin,2024-11-11,0
923,guest,New York,2024-11-06,4
924,guest,Austin,2024-11-09,1
925,guest,Los Angeles,2024-11-01,2
926,guest,Los Angeles,2024-04-28,5
927,guest,Miami,2024-01-14,2
928,guest,New York,2024-02-10,3
929,guest,Miami,2024-09-01,2
930,guest,Los Angeles,2024-09-14,10
931,guest,Austin,2024-08-28,3
932,guest,Miami,2024-11-28,3
933,guest,New York,2024-04-04,6
934,guest,Chicago,2024-09-08,3
935,guest,Chicago,2024-03-11,3
936,guest,Los Angeles,2024-04-08,5
937,guest,Los Angeles,2024-01-17,5
938,guest,Chicago,2024-01-08,2
939,guest,New York,2024-07-30,5
940,guest,Los Angeles,2024-12-09,8
941,guest,Los Angeles,2024-04-14,4
942,guest,San Francisco,2024-03-31,4
943,guest,Chicago,2024-11-11,5
944,guest,Chicago,2024-12-18,5
945,guest,New York,2024-08-22,6
946,guest,Los Angeles,2024-08-06,8
947,guest,Chicago,2024-01-22,5
948,guest,Austin,2024-07-13,3
949,guest,Miami,2024-06-09,2
950,guest,Chicago,2024-11-09,2
951,guest,Miami,2024-10-19,9
952,guest,Austin,2024-10-01,1
953,guest,Austin,2024-11-24,3
954,guest,Miami,2024-01-20,2
955,guest,Austin,2024-02-25,0
956,guest,Chicago,2024-08-21,6
957,guest,San Francisco,2024-05-05,1
958,guest,Austin,2024-10-02,5
959,guest,Chicago,2024-01-21,5
960,guest,Austin,2024-07-17,2
961,guest,Austin,2024-11-18,3
962,guest,San Francisco,2024-04-07,6
963,guest,New York,2024-08-13,3
964,guest,Chicago,2024-06-04,3
965,guest,New York,2024-08-24,2
966,guest,Los Angeles,2024-08-04,6
967,guest,New York,2024-11-09,4
968,guest,San Francisco,2024-12-19,2
969,guest,Austin,2024-03-13,1
970,guest,Chicago,2024-11-26,7
971,guest,Chicago,2024-02-16,6
972,guest,Miami,2024-09-13,2
973,guest,San Francisco,2024-04-02,3
974,guest,Austin,2024-12-22,3
975,guest,Austin,2024-03-10,1
976,guest,Chicago,2024-07-30,1
977,guest,New York,2024-08-18,3
978,guest,San Francisco,2024-04-01,2
979,guest,Chicago,2024-10-29,6
980,guest,Miami,2024-04-13,3
981,guest,Chicago,2024-02-16,3
982,guest,New York,2024-06-14,3
983,guest,Miami,2024-11-28,5
984,guest,Miami,2024-03-24,4
985,guest,Miami,2024-03-04,2
986,guest,San Francisco,2024-02-28,3
987,guest,Miami,2024-08-18,2
988,guest,Miami,2024-07-04,4
989,guest,San Francisco,2024-09-25,1
990,guest,Miami,2024-07-15,6
991,guest,Miami,2024-09-18,3
992,guest,Austin,2024-03-22,1
993,guest,Chicago,2024-10-08,2
994,guest,Chicago,2024-01-23,4
995,guest,Los Angeles,2024-06-20,6
996,guest,Austin,2024-12-03,4
997,guest,Los Angeles,2024-03-24,3
998,guest,Los Angeles,2024-04-01,1
999,guest,Miami,2024-01-27,6
1000,guest,Chicago,2024-06-06,0
1001,guest,New York,2024-08-16,8
1002,guest,New York,2024-11-16,3
1003,guest,Los Angeles,2024-03-01,5
1004,guest,Los Angeles,2024-04-13,11
1005,guest,San Francisco,2024-11-14,2
1006,guest,New York,2024-01-07,1
1007,guest,Chicago,2024-09-11,3
1008,guest,Chicago,2024-10-05,3
1009,guest,San Francisco,2024-11-07,0
1010,guest,Chicago,2024-05-01,3
1011,guest,Los Angeles,2024-10-28,1
1012,guest,Miami,2024-08-31,3
1013,guest,Chicago,2024-07-28,4
1014,guest,Chicago,2024-02-10,2
1015,guest,Austin,2024-11-03,2
1016,guest,San Francisco,2024-05-05,0
1017,guest,Austin,2024-05-22,4
1018,guest,Austin,2024-11-17,0
1019,guest,Austin,2024-04-16,1
1020,guest,San Francisco,2024-04-04,5
1021,guest,Los Angeles,2024-01-29,6
1022,guest,Miami,2024-06-27,6
1023,guest,San Francisco,2024-03-15,2
1024,guest,San Francisco,2024-12-07,4
1025,guest,Austin,2024-11-04,4
1026,guest,New York,2024-06-18,3
1027,guest,San Francisco,2024-01-26,4
1028,guest,San Francisco,2024-08-01,2
1029,guest,Los Angeles,2024-03-23,5
1030,guest,Miami,2024-05-25,5
1031,guest,Austin,2024-12-04,4
1032,guest,Miami,2024-12-24,6
1033,guest,Austin,2024-10-20,4
1034,guest,Austin,2024-03-31,2
1035,guest,Chicago,2024-10-23,4
1036,guest,New York,2024-01-19,2
1037,guest,San Francisco,2024-06-02,2
1038,guest,New York,2024-07-07,2
1039,guest,Chicago,2024-02-04,3
1040,guest,Chicago,2024-10-08,4
1041,guest,San Francisco,2024-05-29,1
1042,guest,Chicago,2024-03-09,4
1043,guest,San Francisco,2024-12-21,4
1044,guest,New York,2024-06-17,4
1045,guest,Austin,2024-07-30,1
1046,guest,Austin,2024-04-17,6
1047,guest,Miami,2024-04-17,5
1048,guest,Austin,2024-01-30,5
1049,guest,San Francisco,2024-10-19,6
1050,guest,Miami,2024-11-18,6
1051,guest,Austin,2024-02-14,3
1052,guest,Chicago,2024-12-18,4
1053,guest,Austin,2024-12-27,2
1054,guest,New York,2024-08-06,5
1055,guest,Austin,2024-06-11,6
1056,guest,New York,2024-09-26,4
1057,guest,Austin,2024-11-15,3
1058,guest,New York,2024-03-07,3
1059,guest,Austin,2024-10-15,2
1060,guest,Chicago,2024-09-23,3
1061,guest,Miami,2024-11-19,2
1062,guest,Chicago,2024-09-09,2
1063,guest,Los Angeles,2024-11-08,2
1064,guest,Los Angeles,2024-12-28,3
1065,guest,New York,2024-04-09,1
1066,guest,San Francisco,2024-03-01,5
1067,guest,San Francisco,2024-08-26,8
1068,guest,Miami,2024-03-01,0
1069,guest,Miami,2024-04-16,3
1070,guest,Austin,2024-07-31,1
1071,guest,Chicago,2024-01-24,2
1072,guest,New York,2024-06-28,3
1073,guest,Austin,2024-11-22,2
1074,guest,Los Angeles,2024-01-06,5
1075,guest,Miami,2024-04-13,1
1076,guest,Miami,2024-05-24,1
1077,guest,New York,2024-02-04,3
1078,guest,New York,2024-06-02,4
1079,guest,Austin,2024-10-08,2
1080,guest,New York,2024-01-04,4
1081,guest,San Francisco,2024-12-17,4
1082,guest,New York,2024-06-23,1
1083,guest,Chicago,2024-10-18,4
1084,guest,Austin,2024-01-15,4
1085,guest,Los Angeles,2024-04-09,3
1086,guest,New York,2024-06-22,5
1087,guest,Miami,2024-09-02,5
1088,guest,Chicago,2024-01-19,5
1089,guest,Miami,2024-03-10,4
1090,guest,Chicago,2024-03-20,10
1091,guest,Miami,2024-08-23,3
1092,guest,Austin,2024-06-20,3
1093,guest,Chicago,2024-07-30,1
1094,guest,Miami,2024-01-29,1
1095,guest,Austin,2024-06-02,1
1096,guest,Austin,2024-12-13,2
1097,guest,New York,2024-10-11,4
1098,guest,Austin,2024-01-10,3
1099,guest,Los Angeles,2024-10-22,2
1100,guest,Miami,2024-06-18,4
1101,guest,New York,2024-02-03,3
1102,guest,Los Angeles,2024-05-23,2
1103,guest,San Francisco,2024-06-22,5
1104,guest,Chicago,2024-11-16,2
1105,guest,Austin,2024-03-25,5
1106,guest,Austin,2024-11-06,4
1107,guest,Chicago,2024-04-05,4
1108,guest,Austin,2024-02-29,3
1109,guest,New York,2024-12-27,5
1110,guest,New York,2024-12-29,6
1111,guest,San Francisco,2024-05-19,6
1112,guest,Chicago,2024-02-14,3
1113,guest,Chicago,2024-05-01,2
1114,guest,New York,2024-08-19,6
1115,guest,New York,2024-04-20,2
1116,guest,Austin,2024-06-03,1
1117,guest,Los Angeles,2024-02-27,4
1118,guest,New York,2024-01-20,6
1119,guest,Los Angeles,2024-02-17,3
1120,guest,Chicago,2024-09-16,3
1121,guest,San Francisco,2024-09-04,3
1122,guest,Austin,2024-03-19,2
1123,guest,Los Angeles,2024-06-23,5
1124,guest,Chicago,2024-09-25,5
1125,guest,New York,2024-06-16,4
1126,guest,Los Angeles,2024-02-20,3
1127,guest,Austin,2024-12-12,3
1128,guest,Los Angeles,2024-04-15,1
1129,guest,Miami,2024-01-19,5
1130,guest,Chicago,2024-07-17,7
1131,guest,Miami,2024-09-24,4
1132,guest,San Francisco,2024-01-03,2
1133,guest,New York,2024-01-23,4
1134,guest,Miami,2024-10-31,1
1135,guest,San Francisco,2024-06-19,1
1136,guest,Chicago,2024-01-24,4
1137,guest,San Francisco,2024-09-23,1
1138,guest,Miami,2024-06-08,5
1139,guest,San Francisco,2024-10-22,6
1140,guest,New York,2024-11-23,9
1141,guest,Los Angeles,2024-06-13,7
1142,guest,Los Angeles,2024-04-08,2
1143,guest,New York,2024-05-21,4
1144,guest,Austin,2024-06-12,3
1145,guest,Chicago,2024-12-09,6
1146,guest,San Francisco,2024-05-19,7
1147,guest,Los Angeles,2024-03-21,2
1148,guest,New York,2024-02-28,3
1149,guest,San Francisco,2024-11-14,3
1150,guest,Austin,2024-09-20,4
1151,guest,San Francisco,2024-04-15,3
1152,guest,Austin,2024-06-28,2
1153,guest,Austin,2024-06-12,2
1154,guest,New York,2024-03-13,4
1155,guest,Miami,2024-05-25,4
1156,guest,Austin,2024-05-05,2
1157,guest,Los Angeles,2024-02-06,4
1158,guest,New York,2024-11-09,6
1159,guest,New York,2024-10-03,3
1160,guest,Chicago,2024-01-26,2
1161,guest,Los Angeles,2024-01-15,4
1162,guest,Chicago,2024-12-11,2
1163,guest,San Francisco,2024-02-24,4
1164,guest,Chicago,2024-01-28,9
1165,guest,San Francisco,2024-08-06,4
1166,guest,Chicago,2024-04-01,9
1167,guest,Miami,2024-11-01,5
1168,guest,Austin,2024-11-18,1
1169,guest,Miami,2024-12-24,3
1170,guest,Chicago,2024-11-11,3
1171,guest,New York,2024-06-08,7
1172,guest,New York,2024-04-11,5
1173,guest,Miami,2024-12-09,2
1174,guest,Austin,2024-02-10,2
1175,guest,Chicago,2024-10-17,4
1176,guest,Los Angeles,2024-02-17,3
1177,guest,Miami,2024-08-27,3
1178,guest,San Francisco,2024-08-21,0
1179,guest,New York,2024-12-16,4
1180,guest,Miami,2024-12-29,2
1181,guest,Chicago,2024-08-28,5
1182,guest,Los Angeles,2024-04-24,1
1183,guest,Los Angeles,2024-11-11,3
1184,guest,New York,2024-07-05,5
1185,guest,Chicago,2024-04-03,6
1186,guest,Miami,2024-12-06,5
1187,guest,New York,2024-06-15,5
1188,guest,Chicago,2024-09-06,1
1189,guest,San Francisco,2024-02-03,5
1190,guest,Chicago,2024-02-27,2
1191,guest,New York,2024-09-02,7
1192,guest,Chicago,2024-03-28,9
1193,guest,New York,2024-06-27,3
1194,guest,Austin,2024-10-21,1
1195,guest,Los Angeles,2024-09-17,2
1196,guest,San Francisco,2024-07-26,3
1197,guest,Miami,2024-02-24,0
1198,guest,New York,2024-10-11,2
1199,guest,Miami,2024-02-06,3
1200,guest,New York,2024-09-29,2
1201,guest,Chicago,2024-07-24,1
1202,guest,Austin,2024-07-30,3
1203,guest,Los Angeles,2024-11-13,4
1204,guest,Los Angeles,2024-10-07,5
1205,guest,Los Angeles,2024-09-03,4
1206,guest,Chicago,2024-02-03,1
1207,guest,New York,2024-04-16,9
1208,guest,Miami,2024-10-29,3
1209,guest,Chicago,2024-08-10,4
1210,guest,Austin,2024-06-24,0
1211,guest,Austin,2024-12-21,1
1212,guest,Los Angeles,2024-03-29,0
1213,guest,Miami,2024-12-08,2
1214,guest,San Francisco,2024-12-30,6
1215,guest,Austin,2024-09-06,3
1216,guest,San Francisco,2024-10-30,2
1217,guest,Austin,2024-08-25,4
1218,guest,New York,2024-10-11,9
1219,guest,San Francisco,2024-08-15,3
1220,guest,Los Angeles,2024-06-06,1
1221,guest,Chicago,2024-02-05,8
1222,guest,Austin,2024-02-25,2
1223,guest,Miami,2024-11-01,6
1224,guest,Chicago,2024-06-16,6
1225,guest,Chicago,2024-11-26,1
1226,guest,Miami,2024-02-01,7
1227,guest,San Francisco,2024-04-21,5
1228,guest,Los Angeles,2024-10-24,2
1229,guest,Miami,2024-01-01,2
1230,guest,Los Angeles,2024-12-04,9
1231,guest,Los Angeles,2024-08-19,4
1232,guest,Austin,2024-05-29,3
1233,guest,Chicago,2024-11-11,3
1234,guest,Austin,2024-08-16,2
1235,guest,Los Angeles,2024-04-15,4
1236,guest,Miami,2024-06-11,1
1237,guest,New York,2024-10-18,5
1238,guest,Miami,2024-06-04,4
1239,guest,Chicago,2024-06-25,4
1240,guest,San Francisco,2024-10-25,4
1241,guest,San Francisco,2024-11-09,3
1242,guest,Austin,2024-07-25,0
1243,guest,Los Angeles,2024-05-30,2
1244,guest,San Francisco,2024-07-08,0
1245,guest,Austin,2024-01-28,3
1246,guest,San Francisco,2024-12-26,6
1247,guest,Austin,2024-07-02,2
1248,guest,San Francisco,2024-05-24,3
1249,guest,San Francisco,2024-04-30,4
1250,guest,Chicago,2024-12-25,2
1251,guest,Austin,2024-07-20,3
1252,guest,Miami,2024-06-11,6
1253,guest,Miami,2024-07-14,5
1254,guest,Chicago,2024-07-14,5
1255,guest,Chicago,2024-10-06,2
1256,guest,Los Angeles,2024-12-05,6
1257,guest,Los Angeles,2024-08-31,3
1258,guest,Los Angeles,2024-04-06,5
1259,guest,Austin,2024-07-15,0
1260,guest,New York,2024-08-01,2
1261,guest,Los Angeles,2024-05-27,5
1262,guest,Miami,2024-03-05,2
1263,guest,Los Angeles,2024-01-06,5
1264,guest,San Francisco,2024-11-27,6
1265,guest,San Francisco,2024-03-14,6
1266,guest,Miami,2024-09-06,3
1267,guest,Miami,2024-08-11,2
1268,guest,Los Angeles,2024-02-13,5
1269,guest,Los Angeles,2024-11-24,3
1270,guest,Chicago,2024-08-21,5
1271,guest,Miami,2024-11-05,2
1272,guest,Chicago,2024-11-15,11
1273,guest,Los Angeles,2024-08-20,4
1274,guest,Austin,2024-08-05,1
1275,guest,Austin,2024-08-18,3
1276,guest,Chicago,2024-06-30,8
1277,guest,Los Angeles,2024-04-05,3
1278,guest,Chicago,2024-11-05,4
1279,guest,San Francisco,2024-10-22,3
1280,guest,Chicago,2024-05-01,3
1281,guest,Miami,2024-09-13,3
1282,guest,New York,2024-07-29,3
1283,guest,Austin,2024-10-22,5
1284,guest,New York,2024-01-18,1
1285,guest,San Francisco,2024-10-17,1
1286,guest,Chicago,2024-12-26,5
1287,guest,New York,2024-02-27,7
1288,guest,Austin,2024-09-03,4
1289,guest,Miami,2024-02-10,5
1290,guest,Los Angeles,2024-09-26,3
1291,guest,New York,2024-08-26,0
1292,guest,Austin,2024-02-10,3
1293,guest,Austin,2024-11-08,1
1294,guest,San Francisco,2024-05-05,6
1295,guest,Chicago,2024-11-18,4
1296,guest,Miami,2024-12-05,3
1297,guest,Miami,2024-02-09,3
1298,guest,Miami,2024-11-20,3
1299,guest,Austin,2024-10-23,2
1300,guest,New York,2024-11-09,4
1301,guest,San Francisco,2024-06-24,5
1302,guest,Austin,2024-01-06,1
1303,guest,Chicago,2024-08-20,5
1304,guest,Austin,2024-08-28,3
1305,guest,Austin,2024-06-18,2
1306,guest,Chicago,2024-06-29,6
1307,guest,New York,2024-05-28,2
1308,guest,Los Angeles,2024-01-19,4
1309,guest,Miami,2024-11-01,6
1310,guest,Miami,2024-06-04,1
1311,guest,Miami,2024-10-15,3
1312,guest,New York,2024-02-01,4
1313,guest,Miami,2024-08-30,5
1314,guest,Austin,2024-03-27,2
1315,guest,Austin,2024-01-27,1
1316,guest,Miami,2024-05-29,1
1317,guest,Miami,2024-11-15,1
1318,guest,San Francisco,2024-05-26,2
1319,guest,Chicago,2024-02-12,4
1320,guest,Los Angeles,2024-09-15,6
1321,guest,San Francisco,2024-05-22,5
1322,guest,New York,2024-03-08,2
1323,guest,Austin,2024-05-23,1
1324,guest,New York,2024-05-11,1
1325,guest,San Francisco,2024-02-27,6
1326,guest,Austin,2024-03-30,1
1327,guest,Austin,2024-03-18,3
1328,guest,Miami,2024-08-16,1
1329,guest,New York,2024-03-30,4
1330,guest,New York,2024-12-24,4
1331,guest,Los Angeles,2024-09-05,3
1332,guest,Los Angeles,2024-09-27,4
1333,guest,San Francisco,2024-06-24,3
1334,guest,San Francisco,2024-03-15,0
1335,guest,Austin,2024-03-19,2
1336,guest,Chicago,2024-07-30,3
1337,guest,Chicago,2024-05-01,2
1338,guest,Miami,2024-08-13,2
1339,guest,Miami,2024-11-22,3
1340,guest,Los Angeles,2024-04-17,1
1341,guest,Austin,2024-06-25,2
1342,guest,San Francisco,2024-11-24,0
1343,guest,New York,2024-02-29,2
1344,guest,San Francisco,2024-03-26,1
1345,guest,Chicago,2024-07-23,3
1346,guest,Chicago,2024-06-03,1
1347,guest,Chicago,2024-09-29,2
1348,guest,Los Angeles,2024-07-13,6
1349,guest,Miami,2024-12-27,3
1350,guest,Chicago,2024-08-30,5
1351,guest,New York,2024-03-15,1
1352,guest,Austin,2024-08-10,2
1353,guest,San Francisco,2024-05-27,4
1354,guest,Chicago,2024-07-14,3
1355,guest,Miami,2024-06-10,4
1356,guest,Austin,2024-12-15,3
1357,guest,San Francisco,2024-02-19,3
1358,guest,Austin,2024-11-22,1
1359,guest,New York,2024-08-09,2
1360,guest,Austin,2024-11-29,5
1361,guest,New York,2024-06-20,4
1362,guest,New York,2024-05-16,5
1363,guest,San Francisco,2024-05-10,2
1364,guest,Miami,2024-10-26,2
1365,guest,Chicago,2024-08-24,1
1366,guest,Miami,2024-05-03,0
1367,guest,Miami,2024-12-10,2
1368,guest,Austin,2024-04-09,3
1369,guest,Austin,2024-06-21,6
1370,guest,Miami,2024-12-19,3
1371,guest,Los Angeles,2024-06-09,4
1372,guest,Austin,2024-01-06,2
1373,guest,Miami,2024-01-05,7
1374,guest,San Francisco,2024-01-07,2
1375,guest,Chicago,2024-02-20,1
1376,guest,Austin,2024-02-23,3
1377,guest,Miami,2024-08-16,4
1378,guest,New York,2024-04-22,5
1379,guest,Miami,2024-05-25,2
1380,guest,New York,2024-04-08,5
1381,guest,San Francisco,2024-01-13,3
1382,guest,Austin,2024-02-17,4
1383,guest,San Francisco,2024-10-31,5
1384,guest,Miami,2024-04-21,2
1385,guest,Austin,2024-11-22,1
1386,guest,San Francisco,2024-12-28,5
1387,guest,San Francisco,2024-02-14,2
1388,guest,Austin,2024-03-07,6
1389,guest,Chicago,2024-12-02,2
1390,guest,Miami,2024-10-16,6
1391,guest,Los Angeles,2024-02-26,5
1392,guest,Miami,2024-04-04,4
1393,guest,New York,2024-05-30,3
1394,guest,Chicago,2024-12-04,0
1395,guest,San Francisco,2024-11-23,6
1396,guest,Chicago,2024-05-21,4
1397,guest,Chicago,2024-12-20,5
1398,guest,Miami,2024-06-14,3
1399,guest,New York,2024-03-23,1
1400,guest,San Francisco,2024-05-21,3
1401,guest,San Francisco,2024-07-14,2
1402,guest,Chicago,2024-06-19,2
1403,guest,San Francisco,2024-05-12,0
1404,guest,New York,2024-04-01,2
1405,guest,Chicago,2024-02-05,2
1406,guest,Chicago,2024-04-12,4
1407,guest,Austin,2024-07-20,1
1408,guest,Los Angeles,2024-11-26,3
1409,guest,Chicago,2024-02-25,3
1410,guest,Los Angeles,2024-10-03,7
1411,guest,Chicago,2024-04-21,3
1412,guest,Austin,2024-11-25,5
1413,guest,San Francisco,2024-08-14,2
1414,guest,Miami,2024-05-12,6
1415,guest,San Francisco,2024-01-18,2
1416,guest,San Francisco,2024-02-06,5
1417,guest,Austin,2024-05-08,0
1418,guest,Chicago,2024-01-10,3
1419,guest,Chicago,2024-03-17,4
1420,guest,Miami,2024-11-23,7
1421,guest,San Francisco,2024-01-20,1
1422,guest,Miami,2024-07-18,1
1423,guest,New York,2024-03-18,4
1424,guest,Miami,2024-06-17,3
1425,guest,Chicago,2024-10-21,2
1426,guest,San Francisco,2024-09-20,3
1427,guest,Miami,2024-09-08,6
1428,guest,Chicago,2024-08-11,6
1429,guest,Chicago,2024-02-05,6
1430,guest,Austin,2024-04-25,0
1431,guest,San Francisco,2024-07-15,3
1432,guest,Miami,2024-09-03,3
1433,guest,San Francisco,2024-10-17,2
1434,guest,Austin,2024-07-02,2
1435,guest,New York,2024-12-15,5
1436,guest,New York,2024-07-24,4
1437,guest,San Francisco,2024-11-19,2
1438,guest,Miami,2024-02-16,1
1439,guest,New York,2024-09-30,1
1440,guest,New York,2024-02-11,6
1441,guest,Chicago,2024-05-28,2
1442,guest,Miami,2024-04-13,0
1443,guest,Los Angeles,2024-10-10,4
1444,guest,San Francisco,2024-07-15,3
1445,guest,Miami,2024-04-07,3
1446,guest,New York,2024-12-22,5
1447,guest,Chicago,2024-02-24,4
1448,guest,Miami,2024-12-18,1
1449,guest,New York,2024-09-06,6
1450,guest,San Francisco,2024-11-19,5
1451,guest,Chicago,2024-04-07,5
1452,guest,Los Angeles,2024-01-19,4
1453,guest,Los Angeles,2024-01-13,5
1454,guest,Miami,2024-10-30,3
1455,guest,Los Angeles,2024-09-07,1
1456,guest,Chicago,2024-02-02,5
1457,guest,Austin,2024-11-25,1
1458,guest,New York,2024-09-12,6
1459,guest,Austin,2024-08-18,2
1460,guest,San Francisco,2024-01-19,0
1461,guest,New York,2024-01-29,3
1462,guest,New York,2024-01-22,2
1463,guest,Chicago,2024-03-01,5
1464,guest,Los Angeles,2024-11-30,4
1465,guest,Miami,2024-09-24,4
1466,guest,Chicago,2024-12-13,6
1467,guest,Austin,2024-03-17,1
1468,guest,Miami,2024-10-23,3
1469,guest,Los Angeles,2024-02-06,2
1470,guest,San Francisco,2024-03-13,1
1471,guest,Chicago,2024-11-30,3
1472,guest,San Francisco,2024-08-29,4
1473,guest,Austin,2024-01-24,3
1474,guest,Los Angeles,2024-12-25,3
1475,guest,Miami,2024-03-07,2
1476,guest,San Francisco,2024-03-29,1
1477,guest,Miami,2024-01-26,6
1478,guest,New York,2024-02-19,6
1479,guest,Chicago,2024-11-08,3
1480,guest,Los Angeles,2024-10-29,4
1481,guest,San Francisco,2024-02-24,5
1482,guest,San Francisco,2024-09-11,5
1483,guest,Austin,2024-11-11,2
1484,guest,Los Angeles,2024-02-02,8
1485,guest,Los Angeles,2024-08-06,1
1486,guest,New York,2024-12-13,3
1487,guest,Chicago,2024-06-15,4
1488,guest,San Francisco,2024-12-16,2
1489,guest,Austin,2024-10-06,0
1490,guest,Los Angeles,2024-06-13,3
1491,guest,Los Angeles,2024-01-24,6
1492,guest,Austin,2024-03-29,2
1493,guest,New York,2024-02-02,3
1494,guest,San Francisco,2024-05-20,1
1495,guest,Los Angeles,2024-07-31,3
1496,guest,Los Angeles,2024-12-22,4
1497,guest,New York,2024-10-10,7
1498,guest,Los Angeles,2024-08-12,5
1499,guest,Los Angeles,2024-10-24,4
1500,guest,San Francisco,2024-03-09,3
1501,guest,San Francisco,2024-11-19,4
1502,guest,Austin,2024-07-11,4
1503,guest,Los Angeles,2024-01-09,4
1504,guest,Chicago,2024-02-11,4
1505,guest,San Francisco,2024-01-04,4
1506,guest,Los Angeles,2024-02-15,3
1507,guest,Miami,2024-11-29,7
1508,guest,Austin,2024-05-25,3
1509,guest,Chicago,2024-12-21,6
1510,guest,Chicago,2024-12-20,2
1511,guest,Los Angeles,2024-04-15,2
1512,guest,Los Angeles,2024-11-23,5
1513,guest,New York,2024-09-24,4
1514,guest,Chicago,2024-07-29,4
1515,guest,Los Angeles,2024-03-30,1
1516,guest,Austin,2024-12-20,2
1517,guest,San Francisco,2024-11-01,4
1518,guest,Los Angeles,2024-09-12,5
1519,guest,Austin,2024-02-15,1
1520,guest,Miami,2024-06-03,6
1521,guest,New York,2024-08-02,4
1522,guest,San Francisco,2024-10-12,3
1523,guest,Los Angeles,2024-04-08,2
1524,guest,San Francisco,2024-09-28,2
1525,guest,San Francisco,2024-11-12,2
1526,guest,New York,2024-10-03,5
1527,guest,Austin,2024-04-22,3
1528,guest,Chicago,2024-11-16,6
1529,guest,Miami,2024-04-16,4
1530,guest,New York,2024-01-28,3
1531,guest,Los Angeles,2024-02-27,2
1532,guest,Los Angeles,2024-12-16,3
1533,guest,Chicago,2024-09-11,3
1534,guest,Los Angeles,2024-03-22,3
1535,guest,Miami,2024-01-23,2
1536,guest,San Francisco,2024-11-26,10
1537,guest,New York,2024-05-25,4
1538,guest,Los Angeles,2024-08-10,4
1539,guest,New York,2024-06-20,2
1540,guest,Austin,2024-08-20,1
1541,guest,San Francisco,2024-02-23,3
1542,guest,Miami,2024-01-27,7
1543,guest,Austin,2024-03-31,1
1544,guest,Los Angeles,2024-01-15,3
1545,guest,Chicago,2024-09-20,3
1546,guest,San Francisco,2024-02-06,5
1547,guest,Los Angeles,2024-08-15,0
1548,guest,Austin,2024-10-23,1
1549,guest,New York,2024-08-02,2
1550,guest,Los Angeles,2024-12-12,2
1551,guest,New York,2024-04-27,4
1552,guest,San Francisco,2024-06-15,3
1553,guest,Los Angeles,2024-02-20,2
1554,guest,Los Angeles,2024-07-30,3
1555,guest,Los Angeles,2024-07-11,3
1556,guest,Los Angeles,2024-02-07,4
1557,guest,Chicago,2024-10-26,4
1558,guest,Chicago,2024-01-28,7
1559,guest,Chicago,2024-03-15,5
1560,guest,Los Angeles,2024-11-08,3
1561,guest,Chicago,2024-04-01,5
1562,guest,Chicago,2024-07-10,2
1563,guest,Los Angeles,2024-08-22,2
1564,guest,Miami,2024-04-09,4
1565,guest,Miami,2024-07-02,3
1566,guest,New York,2024-04-13,1
1567,guest,New York,2024-03-06,2
1568,guest,San Francisco,2024-12-20,3
1569,guest,Austin,2024-01-31,1
1570,guest,New York,2024-03-10,4
1571,guest,San Francisco,2024-08-26,1
1572,guest,Chicago,2024-08-02,7
1573,guest,Los Angeles,2024-06-24,3
1574,guest,Los Angeles,2024-05-31,1
1575,guest,Austin,2024-03-21,7
1576,guest,Miami,2024-11-09,1
1577,guest,Los Angeles,2024-10-22,1
1578,guest,Austin,2024-04-27,2
1579,guest,San Francisco,2024-07-29,4
1580,guest,Austin,2024-09-07,5
1581,guest,Los Angeles,2024-10-29,7
1582,guest,Chicago,2024-08-24,4
1583,guest,New York,2024-01-08,6
1584,guest,Miami,2024-08-07,5
1585,guest,Miami,2024-05-06,3
1586,guest,Los Angeles,2024-06-16,3
1587,guest,Chicago,2024-10-23,3
1588,guest,Los Angeles,2024-10-29,5
1589,guest,Los Angeles,2024-10-20,2
1590,guest,San Francisco,2024-08-01,2
1591,guest,San Francisco,2024-01-21,4
1592,guest,Chicago,2024-09-15,3
1593,guest,San Francisco,2024-08-05,3
1594,guest,Austin,2024-07-20,4
1595,guest,Chicago,2024-12-22,5
1596,guest,San Francisco,2024-08-19,3
1597,guest,Chicago,2024-05-03,8
1598,guest,San Francisco,2024-10-12,10
1599,guest,San Francisco,2024-12-20,3
1600,guest,Miami,2024-07-27,3
1601,guest,Los Angeles,2024-03-08,4
1602,guest,New York,2024-05-31,3
1603,guest,Los Angeles,2024-11-27,4
1604,guest,San Francisco,2024-01-09,2
1605,guest,Chicago,2024-12-08,6
1606,guest,New York,2024-03-23,2
1607,guest,Miami,2024-08-23,2
1608,guest,Austin,2024-10-25,3
1609,guest,San Francisco,2024-08-20,5
1610,guest,Chicago,2024-03-11,3
1611,guest,Miami,2024-07-26,4
1612,guest,Los Angeles,2024-07-08,5
1613,guest,Miami,2024-08-25,3
1614,guest,Miami,2024-11-20,4
1615,guest,San Francisco,2024-11-17,6
1616,guest,San Francisco,2024-07-16,6
1617,guest,Miami,2024-06-19,1
1618,guest,Austin,2024-01-17,1
1619,guest,New York,2024-08-06,3
1620,guest,New York,2024-12-23,7
1621,guest,Austin,2024-10-04,2
1622,guest,Austin,2024-04-16,4
1623,guest,Miami,2024-02-11,5
1624,guest,Austin,2024-06-20,2
1625,guest,Miami,2024-01-29,3
1626,guest,Austin,2024-12-11,5
1627,guest,New York,2024-01-27,3
1628,guest,San Francisco,2024-07-15,2
1629,guest,New York,2024-08-26,2
1630,guest,Austin,2024-01-21,1
1631,guest,New York,2024-07-06,5
1632,guest,Los Angeles,2024-11-27,6
1633,guest,Austin,2024-12-26,2
1634,guest,San Francisco,2024-10-14,4
1635,guest,Miami,2024-04-14,3
1636,guest,Los Angeles,2024-06-20,2
1637,guest,Los Angeles,2024-10-03,2
1638,guest,San Francisco,2024-11-28,1
1639,guest,Chicago,2024-10-24,1
1640,guest,Miami,2024-04-17,7
1641,guest,Miami,2024-04-25,7
1642,guest,New York,2024-06-29,4
1643,guest,New York,2024-09-14,8
1644,guest,Miami,2024-08-04,3
1645,guest,New York,2024-01-28,3
1646,guest,San Francisco,2024-07-09,4
1647,guest,New York,2024-08-19,3
1648,guest,Chicago,2024-09-13,4
1649,guest,Austin,2024-03-03,4
1650,guest,Chicago,2024-12-29,5
1651,guest,Austin,2024-12-13,4
1652,guest,Austin,2024-05-29,3
1653,guest,Chicago,2024-11-13,4
1654,guest,New York,2024-12-10,3
1655,guest,Miami,2024-02-03,2
1656,guest,Los Angeles,2024-08-22,3
1657,guest,San Francisco,2024-02-11,6
1658,guest,Chicago,2024-04-01,4
1659,guest,New York,2024-02-09,7
1660,guest,San Francisco,2024-03-25,3
1661,guest,New York,2024-02-27,5
1662,guest,Miami,2024-03-16,6
1663,guest,Chicago,2024-03-18,2
1664,guest,Los Angeles,2024-09-23,8
1665,guest,Miami,2024-01-12,3
1666,guest,New York,2024-08-01,4
1667,guest,Miami,2024-10-04,4
1668,guest,Los Angeles,2024-08-30,5
1669,guest,New York,2024-08-03,3
1670,guest,Chicago,2024-11-26,4
1671,guest,San Francisco,2024-05-29,4
1672,guest,Los Angeles,2024-02-02,1
1673,guest,San Francisco,2024-04-28,7
1674,guest,Austin,2024-11-26,4
1675,guest,New York,2024-07-29,3
1676,guest,Austin,2024-06-24,5
1677,guest,Miami,2024-11-26,4
1678,guest,New York,2024-09-05,2
1679,guest,Austin,2024-12-06,8
1680,guest,Miami,2024-09-28,3
1681,guest,Austin,2024-08-15,1
1682,guest,Chicago,2024-06-04,7
1683,guest,Austin,2024-03-08,1
1684,guest,New York,2024-03-28,1
1685,guest,New York,2024-04-26,5
1686,guest,Chicago,2024-07-09,6
1687,guest,New York,2024-01-25,4
1688,guest,Los Angeles,2024-06-29,5
1689,guest,New York,2024-08-21,2
1690,guest,Los Angeles,2024-11-12,2
1691,guest,Los Angeles,2024-12-30,1
1692,guest,Austin,2024-05-26,4
1693,guest,Los Angeles,2024-03-30,2
1694,guest,Miami,2024-12-20,4
1695,guest,Miami,2024-03-19,0
1696,guest,Los Angeles,2024-05-01,0
1697,guest,San Francisco,2024-01-22,1
1698,guest,New York,2024-10-21,3
1699,guest,Los Angeles,2024-08-13,4
1700,guest,New York,2024-07-08,3
1701,guest,Los Angeles,2024-04-15,5
1702,guest,Austin,2024-12-28,2
1703,guest,San Francisco,2024-12-06,3
1704,guest,New York,2024-06-25,7
1705,guest,Los Angeles,2024-07-09,1
1706,guest,Chicago,2024-10-03,4
1707,guest,Los Angeles,2024-09-30,7
1708,guest,New York,2024-03-03,7
1709,guest,San Francisco,2024-07-26,5
1710,guest,Chicago,2024-03-15,6
1711,guest,Chicago,2024-06-12,3
1712,guest,Los Angeles,2024-01-03,6
1713,guest,Miami,2024-10-06,3
1714,guest,Austin,2024-06-18,3
1715,guest,Miami,2024-12-27,5
1716,guest,New York,2024-08-30,5
1717,guest,New York,2024-10-20,2
1718,guest,Miami,2024-03-16,7
1719,guest,Austin,2024-08-14,2
1720,guest,New York,2024-12-18,1
1721,guest,San Francisco,2024-09-02,5
1722,guest,San Francisco,2024-03-12,5
1723,guest,Miami,2024-10-09,2
1724,guest,San Francisco,2024-06-06,2
1725,guest,San Francisco,2024-07-24,8
1726,guest,Austin,2024-04-22,3
1727,guest,Chicago,2024-07-01,9
1728,guest,San Francisco,2024-06-16,2
1729,guest,San Francisco,2024-11-07,4
1730,guest,Miami,2024-04-09,2
1731,guest,Austin,2024-09-26,4
1732,guest,Los Angeles,2024-05-22,4
1733,guest,Los Angeles,2024-01-12,5
1734,guest,San Francisco,2024-10-02,3
1735,guest,Chicago,2024-12-12,2
1736,guest,Miami,2024-02-14,4
1737,guest,Austin,2024-07-20,1
1738,guest,Los Angeles,2024-09-08,5
1739,guest,New York,2024-11-04,5
1740,guest,Austin,2024-09-18,2
1741,guest,San Francisco,2024-12-07,3
1742,guest,New York,2024-07-22,7
1743,guest,Los Angeles,2024-08-06,3
1744,guest,New York,2024-07-16,6
1745,guest,New York,2024-01-07,6
1746,guest,New York,2024-06-25,4
1747,guest,New York,2024-06-06,7
1748,guest,Chicago,2024-10-14,2
1749,guest,San Francisco,2024-04-20,1
1750,guest,Miami,2024-08-15,5
1751,guest,Miami,2024-07-31,3
1752,guest,Chicago,2024-05-27,0
1753,guest,Los Angeles,2024-08-05,3
1754,guest,Miami,2024-07-31,3
1755,guest,Los Angeles,2024-10-27,4
1756,guest,Austin,2024-02-14,6
1757,guest,Los Angeles,2024-04-16,2
1758,guest,New York,2024-08-31,5
1759,guest,Austin,2024-06-20,6
1760,guest,San Francisco,2024-10-29,5
1761,guest,Chicago,2024-02-15,3
1762,guest,San Francisco,2024-07-28,3
1763,guest,Miami,2024-05-19,7
1764,guest,Chicago,2024-03-30,0
1765,guest,Austin,2024-08-24,3
1766,guest,Miami,2024-10-17,4
1767,guest,Los Angeles,2024-04-12,5
1768,guest,Los Angeles,2024-07-14,7
1769,guest,New York,2024-10-10,4
1770,guest,Chicago,2024-01-22,2
1771,guest,New York,2024-10-26,1
1772,guest,New York,2024-09-09,2
1773,guest,Austin,2024-08-25,2
1774,guest,Los Angeles,2024-01-14,5
1775,guest,San Francisco,2024-03-19,7
1776,guest,New York,2024-06-02,1
1777,guest,Miami,2024-11-21,2
1778,guest,Chicago,2024-03-04,6
1779,guest,Miami,2024-12-06,3
1780,guest,New York,2024-08-01,4
1781,guest,Los Angeles,2024-09-08,8
1782,guest,Miami,2024-11-26,7
1783,guest,Los Angeles,2024-01-15,1
1784,guest,San Francisco,2024-05-21,1
1785,guest,Chicago,2024-02-04,4
1786,guest,Austin,2024-07-04,3
1787,guest,Austin,2024-09-03,4
1788,guest,Austin,2024-08-11,1
1789,guest,New York,2024-11-17,4
1790,guest,Miami,2024-08-31,1
1791,guest,Miami,2024-03-02,3
1792,guest,New York,2024-09-19,4
1793,guest,Miami,2024-10-21,4
1794,guest,San Francisco,2024-05-12,3
1795,guest,Los Angeles,2024-10-24,2
1796,guest,San Francisco,2024-03-15,3
1797,guest,New York,2024-08-24,4
1798,guest,Miami,2024-03-10,2
1799,guest,New York,2024-03-24,3
1800,guest,San Francisco,2024-05-19,5
1801,guest,New York,2024-08-02,1
1802,guest,Miami,2024-07-01,3
1803,guest,San Francisco,2024-05-28,6
1804,guest,New York,2024-09-28,4
1805,guest,Miami,2024-02-09,4
1806,guest,Austin,2024-04-09,1
1807,guest,Miami,2024-04-03,3
1808,guest,San Francisco,2024-11-02,7
1809,guest,Los Angeles,2024-10-05,2
1810,guest,New York,2024-06-10,2
1811,guest,Miami,2024-06-03,7
1812,guest,New York,2024-12-16,2
1813,guest,Miami,2024-12-18,3
1814,guest,New York,2024-02-19,4
1815,guest,Austin,2024-10-23,4
1816,guest,New York,2024-03-14,3
1817,guest,San Francisco,2024-03-11,6
1818,guest,Austin,2024-05-24,2
1819,guest,New York,2024-09-05,6
1820,guest,Chicago,2024-06-23,5
1821,guest,Los Angeles,2024-02-22,2
1822,guest,Los Angeles,2024-03-20,5
1823,guest,Austin,2024-04-23,3
1824,guest,Los Angeles,2024-10-13,1
1825,guest,Austin,2024-12-19,2
1826,guest,Austin,2024-09-29,3
1827,guest,Miami,2024-10-09,1
1828,guest,Miami,2024-02-28,1
1829,guest,Chicago,2024-08-23,4
1830,guest,San Francisco,2024-02-29,4
1831,guest,Los Angeles,2024-01-09,7
1832,guest,Chicago,2024-06-27,4
1833,guest,New York,2024-12-19,7
1834,guest,New York,2024-03-12,0
1835,guest,Chicago,2024-11-01,5
1836,guest,Austin,2024-06-24,1
1837,guest,Los Angeles,2024-12-29,6
1838,guest,New York,2024-01-15,4
1839,guest,Miami,2024-03-01,2
1840,guest,Los Angeles,2024-03-06,4
1841,guest,Miami,2024-03-13,2
1842,guest,Miami,2024-04-26,6
1843,guest,New York,2024-03-05,3
1844,guest,Los Angeles,2024-03-07,4
1845,guest,San Francisco,2024-08-05,3
1846,guest,Miami,2024-02-27,1
1847,guest,San Francisco,2024-01-10,6
1848,guest,Chicago,2024-08-08,2
1849,guest,San Francisco,2024-04-10,2
1850,guest,San Francisco,2024-01-17,1
1851,guest,Miami,2024-09-19,3
1852,guest,Austin,2024-01-31,1
1853,guest,Chicago,2024-03-01,0
1854,guest,New York,2024-01-23,4
1855,guest,San Francisco,2024-06-03,7
1856,guest,Miami,2024-01-06,1
1857,guest,San Francisco,2024-03-04,3
1858,guest,Austin,2024-04-15,1
1859,guest,Austin,2024-04-12,3
1860,guest,Los Angeles,2024-12-09,2
1861,guest,New York,2024-01-15,2
1862,guest,San Francisco,2024-03-15,5
1863,guest,Miami,2024-05-22,7
1864,guest,Austin,2024-06-27,3
1865,guest,New York,2024-03-23,1
1866,guest,Austin,2024-11-09,3
1867,guest,Los Angeles,2024-09-15,5
1868,guest,Austin,2024-02-04,2
1869,guest,San Francisco,2024-10-23,7
1870,guest,San Francisco,2024-09-27,4
1871,guest,Los Angeles,2024-04-08,6
1872,guest,New York,2024-03-28,1
